IdAño;IdMes;IdAgencia;IdTipo;IdMenu;Fecha;NumFact;Cantidad;Valor;PreVenta
7;1;2;1;8;22/1/2023 00:00;90755;5;60;12
7;1;2;1;8;23/1/2023 00:00;90756;5;60;12
7;1;2;1;8;24/1/2023 00:00;90757;5;60;12
7;1;2;1;8;25/1/2023 00:00;90758;5;60;12
7;2;2;1;8;4/2/2023 00:00;90759;5;60;12
7;2;2;1;8;4/2/2023 00:00;90760;5;60;12
7;2;3;1;1;5/2/2023 00:00;90761;4;56;14
7;3;3;1;1;5/3/2023 00:00;90762;4;56;14
7;3;3;1;1;5/3/2023 00:00;90763;4;56;14
7;3;3;1;1;5/3/2023 00:00;90764;4;56;14
7;3;3;1;1;5/3/2023 00:00;90765;4;56;14
7;3;3;1;1;5/3/2023 00:00;90766;4;56;14
7;4;3;1;1;5/4/2023 00:00;90767;4;56;14
7;4;3;1;1;5/4/2023 00:00;90768;4;56;14
7;5;3;1;1;5/5/2023 00:00;90769;4;56;14
7;5;3;1;1;5/5/2023 00:00;90770;4;56;14
7;5;3;1;2;5/5/2023 00:00;90771;4;54;13.5
7;5;3;1;2;5/5/2023 00:00;90772;4;54;13.5
7;5;3;1;2;5/5/2023 00:00;90773;4;54;13.5
7;6;3;1;2;22/6/2023 00:00;90774;4;54;13.5
7;6;3;1;2;22/6/2023 00:00;90775;4;54;13.5
7;6;3;1;2;22/6/2023 00:00;90776;4;54;13.5
7;7;3;1;2;22/7/2023 00:00;90777;4;54;13.5
7;7;3;1;2;22/7/2023 00:00;90778;4;54;13.5
7;7;3;1;2;22/7/2023 00:00;90779;4;54;13.5
7;7;3;1;2;22/7/2023 00:00;90780;4;54;13.5
7;7;3;1;3;22/7/2023 00:00;90781;3;49.5;16.5
7;8;3;1;3;22/8/2023 00:00;90782;3;49.5;16.5
7;8;3;1;3;22/8/2023 00:00;90783;3;49.5;16.5
7;8;3;1;3;22/8/2023 00:00;90784;3;49.5;16.5
7;8;3;1;3;22/8/2023 00:00;90785;3;49.5;16.5
7;8;3;1;3;22/8/2023 00:00;90786;3;49.5;16.5
7;8;3;1;3;22/8/2023 00:00;90787;3;49.5;16.5
7;8;3;1;3;22/8/2023 00:00;90788;3;49.5;16.5
7;8;3;1;3;22/8/2023 00:00;90789;3;49.5;16.5
7;8;3;1;3;22/8/2023 00:00;90790;3;49.5;16.5
7;8;3;1;4;22/8/2023 00:00;90791;4;66.4;16.6
7;8;3;1;4;22/8/2023 00:00;90792;4;66.4;16.6
7;8;3;1;4;22/8/2023 00:00;90793;4;66.4;16.6
7;9;3;1;4;22/9/2023 00:00;90794;4;66.4;16.6
7;9;3;1;4;22/9/2023 00:00;90795;4;66.4;16.6
7;9;3;1;4;22/9/2023 00:00;90796;4;66.4;16.6
7;9;3;1;4;22/9/2023 00:00;90797;4;66.4;16.6
7;9;3;1;4;22/9/2023 00:00;90798;4;66.4;16.6
7;9;3;1;4;22/9/2023 00:00;90799;4;66.4;16.6
7;9;3;1;4;22/9/2023 00:00;90800;4;66.4;16.6
7;9;3;1;5;22/9/2023 00:00;90801;3;51;17
7;9;3;1;5;22/9/2023 00:00;90802;3;51;17
7;9;3;1;5;22/9/2023 00:00;90803;3;51;17
7;9;3;1;5;22/9/2023 00:00;90804;3;51;17
7;9;3;1;5;22/9/2023 00:00;90805;3;51;17
7;10;3;1;5;22/10/2023 00:00;90806;3;51;17
7;10;3;1;5;22/10/2023 00:00;90807;3;51;17
7;10;3;1;5;22/10/2023 00:00;90808;3;51;17
7;10;3;1;5;22/10/2023 00:00;90809;3;51;17
7;10;3;1;5;22/10/2023 00:00;90810;3;51;17
7;10;3;1;6;22/10/2023 00:00;90811;4;66;16.5
7;10;3;1;6;22/10/2023 00:00;90812;4;66;16.5
7;10;3;1;6;22/10/2023 00:00;90813;4;66;16.5
7;10;3;1;6;22/10/2023 00:00;90814;4;66;16.5
7;10;3;1;6;22/10/2023 00:00;90815;4;66;16.5
7;10;3;1;6;22/10/2023 00:00;90816;4;66;16.5
7;10;3;1;6;22/10/2023 00:00;90817;4;66;16.5
7;10;3;1;6;22/10/2023 00:00;90818;4;66;16.5
7;10;3;1;6;22/10/2023 00:00;90819;4;66;16.5
7;10;3;1;6;22/10/2023 00:00;90820;4;66;16.5
7;10;3;1;7;22/10/2023 00:00;90821;4;72;18
7;10;3;1;7;22/10/2023 00:00;90822;4;72;18
7;10;3;1;7;22/10/2023 00:00;90823;4;72;18
7;10;3;1;7;22/10/2023 00:00;90824;4;72;18
7;10;3;1;7;22/10/2023 00:00;90825;4;72;18
7;10;3;1;7;22/10/2023 00:00;90826;4;72;18
7;10;3;1;7;22/10/2023 00:00;90827;4;72;18
7;10;3;1;7;22/10/2023 00:00;90828;4;72;18
7;10;3;1;7;22/10/2023 00:00;90829;4;72;18
7;11;3;1;7;22/11/2023 00:00;90830;4;72;18
7;11;3;1;8;22/11/2023 00:00;90831;6;72;12
7;11;3;1;8;22/11/2023 00:00;90832;6;72;12
7;11;3;1;8;22/11/2023 00:00;90833;6;72;12
7;11;3;1;8;22/11/2023 00:00;90834;6;72;12
7;11;3;1;8;22/11/2023 00:00;90835;6;72;12
7;11;3;1;8;22/11/2023 00:00;90836;6;72;12
7;11;3;1;8;22/11/2023 00:00;90837;6;72;12
7;11;3;1;8;22/11/2023 00:00;90838;6;72;12
7;11;3;1;8;22/11/2023 00:00;90839;6;72;12
7;11;3;1;8;22/11/2023 00:00;90840;6;72;12
7;11;4;1;1;22/11/2023 00:00;90841;1;14;14
7;11;4;1;1;22/11/2023 00:00;90842;1;14;14
7;11;4;1;1;22/11/2023 00:00;90843;1;14;14
7;11;4;1;1;22/11/2023 00:00;90844;1;14;14
7;11;4;1;1;22/11/2023 00:00;90845;1;14;14
7;11;4;1;1;22/11/2023 00:00;90846;1;14;14
7;11;4;1;1;22/11/2023 00:00;90847;1;14;14
7;11;4;1;1;22/11/2023 00:00;90848;1;14;14
7;11;4;1;1;22/11/2023 00:00;90849;1;14;14
7;11;4;1;1;22/11/2023 00:00;90850;1;14;14
7;11;4;1;2;22/11/2023 00:00;90851;3;40.5;13.5
7;11;4;1;2;22/11/2023 00:00;90852;3;40.5;13.5
7;11;4;1;2;22/11/2023 00:00;90853;3;40.5;13.5
7;11;4;1;2;22/11/2023 00:00;90854;3;40.5;13.5
7;11;4;1;2;22/11/2023 00:00;90855;3;40.5;13.5
7;11;4;1;2;22/11/2023 00:00;90856;3;40.5;13.5
7;11;4;1;2;22/11/2023 00:00;90857;3;40.5;13.5
7;11;4;1;2;22/11/2023 00:00;90858;3;40.5;13.5
7;11;4;1;2;22/11/2023 00:00;90859;3;40.5;13.5
7;12;4;1;2;22/12/2023 00:00;90860;3;40.5;13.5
7;12;4;1;3;22/12/2023 00:00;90861;2;33;16.5
7;12;4;1;3;22/12/2023 00:00;90862;2;33;16.5
7;12;4;1;3;22/12/2023 00:00;90863;2;33;16.5
7;12;4;1;3;22/12/2023 00:00;90864;2;33;16.5
7;12;4;1;3;22/12/2023 00:00;90865;2;33;16.5
7;12;4;1;3;22/12/2023 00:00;90866;2;33;16.5
7;12;4;1;3;22/12/2023 00:00;90867;2;33;16.5
7;12;4;1;3;22/12/2023 00:00;90868;2;33;16.5
7;12;4;1;3;22/12/2023 00:00;90869;2;33;16.5
7;12;4;1;3;22/12/2023 00:00;90870;2;33;16.5
7;12;4;1;4;22/12/2023 00:00;90871;3;49.8;16.6
7;12;4;1;4;22/12/2023 00:00;90872;3;49.8;16.6
7;12;4;1;4;22/12/2023 00:00;90873;3;49.8;16.6
7;12;4;1;4;22/12/2023 00:00;90874;3;49.8;16.6
7;12;4;1;4;22/12/2023 00:00;90875;3;49.8;16.6
7;12;4;1;4;22/12/2023 00:00;90876;3;49.8;16.6
7;12;4;1;4;22/12/2023 00:00;90877;3;49.8;16.6
7;12;4;1;4;22/12/2023 00:00;90878;3;49.8;16.6
7;12;4;1;4;22/12/2023 00:00;90879;3;49.8;16.6
7;12;4;1;4;22/12/2023 00:00;90880;3;49.8;16.6
7;12;4;1;5;22/12/2023 00:00;90881;2;34;17
7;12;4;1;5;22/12/2023 00:00;90882;2;34;17
7;12;4;1;5;22/12/2023 00:00;90883;2;34;17
7;12;4;1;5;22/12/2023 00:00;90884;2;34;17
7;12;4;1;5;22/12/2023 00:00;90885;2;34;17
7;12;4;1;5;22/12/2023 00:00;90886;2;34;17
7;12;4;1;5;22/12/2023 00:00;90887;2;34;17
7;12;4;1;5;22/12/2023 00:00;90888;2;34;17
7;12;4;1;5;22/12/2023 00:00;90889;2;34;17
7;12;4;1;5;22/12/2023 00:00;90890;2;34;17
7;12;4;1;6;22/12/2023 00:00;90891;2;33;16.5
7;12;4;1;6;22/12/2023 00:00;90892;2;33;16.5
7;12;4;1;6;22/12/2023 00:00;90893;2;33;16.5
7;12;4;1;6;22/12/2023 00:00;90894;2;33;16.5
7;12;4;1;6;22/12/2023 00:00;90895;2;33;16.5
7;12;4;1;6;22/12/2023 00:00;90896;2;33;16.5
7;12;4;1;6;22/12/2023 00:00;90897;2;33;16.5
7;12;4;1;6;22/12/2023 00:00;90898;2;33;16.5
7;12;4;1;6;22/12/2023 00:00;90899;2;33;16.5
7;12;4;1;6;22/12/2023 00:00;90900;2;33;16.5
7;12;4;1;7;22/12/2023 00:00;90901;3;54;18
7;12;4;1;7;22/12/2023 00:00;90902;3;54;18
7;12;4;1;7;22/12/2023 00:00;90903;3;54;18
7;12;4;1;7;22/12/2023 00:00;90904;3;54;18
7;12;4;1;7;22/12/2023 00:00;90905;3;54;18
7;12;4;1;7;22/12/2023 00:00;90906;3;54;18
7;12;4;1;7;22/12/2023 00:00;90907;3;54;18
7;12;4;1;7;22/12/2023 00:00;90908;3;54;18
7;12;4;1;7;22/12/2023 00:00;90909;3;54;18
7;12;4;1;7;22/12/2023 00:00;90910;3;54;18
7;12;4;1;8;22/12/2023 00:00;90911;4;48;12
7;12;4;1;8;22/12/2023 00:00;90912;4;48;12
7;12;4;1;8;22/12/2023 00:00;90913;4;48;12
7;12;4;1;8;22/12/2023 00:00;90914;4;48;12
7;12;4;1;8;22/12/2023 00:00;90915;4;48;12
8;1;4;1;8;2/1/2024 00:00;90916;4;48;12
8;1;4;1;8;2/1/2024 00:00;90917;4;48;12
8;1;4;1;8;2/1/2024 00:00;90918;4;48;12
8;1;4;1;8;2/1/2024 00:00;90919;4;48;12
8;1;4;1;8;2/1/2024 00:00;90920;4;48;12
8;1;1;2;1;2/1/2024 00:00;90921;3;42;14
8;1;1;2;1;2/1/2024 00:00;90922;3;42;14
8;1;1;2;1;2/1/2024 00:00;90923;3;42;14
8;1;1;2;1;2/1/2024 00:00;90924;3;42;14
8;1;1;2;1;2/1/2024 00:00;90925;3;42;14
8;1;1;2;1;2/1/2024 00:00;90926;3;42;14
8;1;1;2;1;2/1/2024 00:00;90927;3;42;14
8;1;1;2;1;2/1/2024 00:00;90928;3;42;14
8;1;1;2;1;2/1/2024 00:00;90929;3;42;14
8;1;1;2;1;2/1/2024 00:00;90930;3;42;14
8;1;1;2;2;2/1/2024 00:00;90931;3;40.5;13.5
8;1;1;2;2;2/1/2024 00:00;90932;3;40.5;13.5
8;1;1;2;2;2/1/2024 00:00;90933;3;40.5;13.5
8;1;1;2;2;2/1/2024 00:00;90934;3;40.5;13.5
8;1;1;2;2;2/1/2024 00:00;90935;3;40.5;13.5
8;1;1;2;2;2/1/2024 00:00;90936;3;40.5;13.5
8;1;1;2;2;2/1/2024 00:00;90937;3;40.5;13.5
8;1;1;2;2;2/1/2024 00:00;90938;3;40.5;13.5
8;1;1;2;2;2/1/2024 00:00;90939;3;40.5;13.5
8;1;1;2;2;2/1/2024 00:00;90940;3;40.5;13.5
8;1;1;2;3;2/1/2024 00:00;90941;2;33;16.5
8;1;1;2;3;2/1/2024 00:00;90942;2;33;16.5
8;1;1;2;3;2/1/2024 00:00;90943;2;33;16.5
8;1;1;2;3;2/1/2024 00:00;90944;2;33;16.5
8;1;1;2;3;2/1/2024 00:00;90945;2;33;16.5
8;1;1;2;3;2/1/2024 00:00;90946;2;33;16.5
8;1;1;2;3;2/1/2024 00:00;90947;2;33;16.5
8;1;1;2;3;2/1/2024 00:00;90948;2;33;16.5
8;1;1;2;3;2/1/2024 00:00;90949;2;33;16.5
8;1;1;2;3;2/1/2024 00:00;90950;2;33;16.5
8;1;1;2;4;2/1/2024 00:00;90951;1;16.6;16.6
8;1;1;2;4;2/1/2024 00:00;90952;1;16.6;16.6
8;1;1;2;4;2/1/2024 00:00;90953;1;16.6;16.6
8;1;1;2;4;2/1/2024 00:00;90954;1;16.6;16.6
8;1;1;2;4;2/1/2024 00:00;90955;1;16.6;16.6
8;1;1;2;4;2/1/2024 00:00;90956;1;16.6;16.6
8;1;1;2;4;2/1/2024 00:00;90957;1;16.6;16.6
8;1;1;2;4;2/1/2024 00:00;90958;1;16.6;16.6
8;1;1;2;4;2/1/2024 00:00;90959;1;16.6;16.6
8;1;1;2;4;2/1/2024 00:00;90960;1;16.6;16.6
8;1;1;2;5;2/1/2024 00:00;90961;1;17;17
8;1;1;2;5;2/1/2024 00:00;90962;1;17;17
8;1;1;2;5;2/1/2024 00:00;90963;1;17;17
8;1;1;2;5;2/1/2024 00:00;90964;1;17;17
8;2;1;2;5;2/2/2024 00:00;90965;1;17;17
8;2;1;2;5;2/2/2024 00:00;90966;1;17;17
8;2;1;2;5;2/2/2024 00:00;90967;1;17;17
8;2;1;2;5;2/2/2024 00:00;90968;1;17;17
8;2;1;2;5;2/2/2024 00:00;90969;1;17;17
8;2;1;2;5;2/2/2024 00:00;90970;1;17;17
8;2;1;2;6;2/2/2024 00:00;90971;2;33;16.5
8;2;1;2;6;2/2/2024 00:00;90972;2;33;16.5
8;2;1;2;6;2/2/2024 00:00;90973;2;33;16.5
8;2;1;2;6;2/2/2024 00:00;90974;2;33;16.5
8;2;1;2;6;2/2/2024 00:00;90975;2;33;16.5
8;2;1;2;6;2/2/2024 00:00;90976;2;33;16.5
8;2;1;2;6;2/2/2024 00:00;90977;2;33;16.5
8;2;1;2;6;2/2/2024 00:00;90978;2;33;16.5
8;2;1;2;6;2/2/2024 00:00;90979;2;33;16.5
8;2;1;2;6;2/2/2024 00:00;90980;2;33;16.5
8;2;1;2;7;2/2/2024 00:00;90981;2;36;18
8;2;1;2;7;2/2/2024 00:00;90982;2;36;18
8;2;1;2;7;2/2/2024 00:00;90983;2;36;18
8;2;1;2;7;2/2/2024 00:00;90984;2;36;18
8;2;1;2;7;2/2/2024 00:00;90985;2;36;18
8;2;1;2;7;2/2/2024 00:00;90986;2;36;18
8;2;1;2;7;2/2/2024 00:00;90987;2;36;18
8;2;1;2;7;2/2/2024 00:00;90988;2;36;18
8;2;1;2;7;2/2/2024 00:00;90989;2;36;18
8;2;1;2;7;2/2/2024 00:00;90990;2;36;18
8;2;1;2;8;2/2/2024 00:00;90991;3;36;12
8;2;1;2;8;2/2/2024 00:00;90992;3;36;12
8;2;1;2;8;2/2/2024 00:00;90993;3;36;12
8;2;1;2;8;2/2/2024 00:00;90994;3;36;12
8;2;1;2;8;2/2/2024 00:00;90995;3;36;12
8;2;1;2;8;2/2/2024 00:00;90996;3;36;12
8;2;1;2;8;2/2/2024 00:00;90997;3;36;12
8;2;1;2;8;2/2/2024 00:00;90998;3;36;12
8;2;1;2;8;2/2/2024 00:00;90999;3;36;12
8;2;1;2;8;2/2/2024 00:00;91000;3;36;12
8;2;2;2;1;2/2/2024 00:00;91001;4;56;14
8;2;2;2;1;2/2/2024 00:00;91002;4;56;14
8;2;2;2;1;2/2/2024 00:00;91003;4;56;14
8;2;2;2;1;2/2/2024 00:00;91004;4;56;14
8;2;2;2;1;2/2/2024 00:00;91005;4;56;14
8;2;2;2;1;2/2/2024 00:00;91006;4;56;14
8;2;2;2;1;2/2/2024 00:00;91007;4;56;14
8;3;2;2;1;2/3/2024 00:00;91008;4;56;14
8;3;2;2;1;2/3/2024 00:00;91009;4;56;14
8;3;2;2;1;2/3/2024 00:00;91010;4;56;14
8;3;2;2;2;2/3/2024 00:00;91011;4;54;13.5
8;3;2;2;2;2/3/2024 00:00;91012;4;54;13.5
8;3;2;2;2;2/3/2024 00:00;91013;4;54;13.5
8;3;2;2;2;2/3/2024 00:00;91014;4;54;13.5
8;3;2;2;2;2/3/2024 00:00;91015;4;54;13.5
8;3;2;2;2;2/3/2024 00:00;91016;4;54;13.5
8;3;2;2;2;2/3/2024 00:00;91017;4;54;13.5
8;3;2;2;2;2/3/2024 00:00;91018;4;54;13.5
8;3;2;2;2;2/3/2024 00:00;91019;4;54;13.5
8;3;2;2;2;2/3/2024 00:00;91020;4;54;13.5
8;3;2;2;3;2/3/2024 00:00;91021;3;49.5;16.5
8;3;2;2;3;2/3/2024 00:00;91022;3;49.5;16.5
8;3;2;2;3;2/3/2024 00:00;91023;3;49.5;16.5
8;3;2;2;3;2/3/2024 00:00;91024;3;49.5;16.5
8;3;2;2;3;2/3/2024 00:00;91025;3;49.5;16.5
8;3;2;2;3;2/3/2024 00:00;91026;3;49.5;16.5
8;3;2;2;3;2/3/2024 00:00;91027;3;49.5;16.5
8;3;2;2;3;2/3/2024 00:00;91028;3;49.5;16.5
8;3;2;2;3;2/3/2024 00:00;91029;3;49.5;16.5
8;3;2;2;3;2/3/2024 00:00;91030;3;49.5;16.5
8;3;2;2;4;2/3/2024 00:00;91031;2;33.2;16.6
8;3;2;2;4;2/3/2024 00:00;91032;2;33.2;16.6
8;3;2;2;4;2/3/2024 00:00;91033;2;33.2;16.6
8;3;2;2;4;2/3/2024 00:00;91034;2;33.2;16.6
8;3;2;2;4;2/3/2024 00:00;91035;2;33.2;16.6
8;3;2;2;4;2/3/2024 00:00;91036;2;33.2;16.6
8;3;2;2;4;2/3/2024 00:00;91037;2;33.2;16.6
8;3;2;2;4;2/3/2024 00:00;91038;2;33.2;16.6
8;3;2;2;4;2/3/2024 00:00;91039;2;33.2;16.6
8;3;2;2;4;2/3/2024 00:00;91040;2;33.2;16.6
8;3;2;2;5;2/3/2024 00:00;91041;2;34;17
8;3;2;2;5;2/3/2024 00:00;91042;2;34;17
8;3;2;2;5;2/3/2024 00:00;91043;2;34;17
8;3;2;2;5;2/3/2024 00:00;91044;2;34;17
8;3;2;2;5;2/3/2024 00:00;91045;2;34;17
8;3;2;2;5;2/3/2024 00:00;91046;2;34;17
8;3;2;2;5;2/3/2024 00:00;91047;2;34;17
8;3;2;2;5;2/3/2024 00:00;91048;2;34;17
8;3;2;2;5;2/3/2024 00:00;91049;2;34;17
8;3;2;2;5;2/3/2024 00:00;91050;2;34;17
8;3;2;2;6;2/3/2024 00:00;91051;3;49.5;16.5
8;3;2;2;6;2/3/2024 00:00;91052;3;49.5;16.5
8;3;2;2;6;2/3/2024 00:00;91053;3;49.5;16.5
8;3;2;2;6;2/3/2024 00:00;91054;3;49.5;16.5
8;3;2;2;6;2/3/2024 00:00;91055;3;49.5;16.5
8;4;2;2;6;2/4/2024 00:00;91056;3;49.5;16.5
8;4;2;2;6;2/4/2024 00:00;91057;3;49.5;16.5
8;4;2;2;6;2/4/2024 00:00;91058;3;49.5;16.5
8;4;2;2;6;2/4/2024 00:00;91059;3;49.5;16.5
8;4;2;2;6;2/4/2024 00:00;91060;3;49.5;16.5
8;4;2;2;7;2/4/2024 00:00;91061;3;54;18
8;4;2;2;7;2/4/2024 00:00;91062;3;54;18
8;4;2;2;7;2/4/2024 00:00;91063;3;54;18
8;4;2;2;7;2/4/2024 00:00;91064;3;54;18
8;4;2;2;7;2/4/2024 00:00;91065;3;54;18
8;4;2;2;7;2/4/2024 00:00;91066;3;54;18
8;4;2;2;7;2/4/2024 00:00;91067;3;54;18
8;4;2;2;7;2/4/2024 00:00;91068;3;54;18
8;4;2;2;7;2/4/2024 00:00;91069;3;54;18
8;4;2;2;7;2/4/2024 00:00;91070;3;54;18
8;4;2;2;8;2/4/2024 00:00;91071;4;48;12
8;4;2;2;8;2/4/2024 00:00;91072;4;48;12
8;4;2;2;8;2/4/2024 00:00;91073;4;48;12
8;4;2;2;8;2/4/2024 00:00;91074;4;48;12
8;4;2;2;8;2/4/2024 00:00;91075;4;48;12
8;4;2;2;8;2/4/2024 00:00;91076;4;48;12
8;4;2;2;8;2/4/2024 00:00;91077;4;48;12
8;4;2;2;8;2/4/2024 00:00;91078;4;48;12
8;4;2;2;8;2/4/2024 00:00;91079;4;48;12
8;4;2;2;8;2/4/2024 00:00;91080;4;48;12
8;4;3;2;1;2/4/2024 00:00;91081;5;70;14
8;4;3;2;1;2/4/2024 00:00;91082;5;70;14
8;4;3;2;1;2/4/2024 00:00;91083;5;70;14
8;4;3;2;1;2/4/2024 00:00;91084;5;70;14
8;4;3;2;1;2/4/2024 00:00;91085;5;70;14
8;4;3;2;1;2/4/2024 00:00;91086;5;70;14
8;4;3;2;1;2/4/2024 00:00;91087;5;70;14
8;4;3;2;1;2/4/2024 00:00;91088;5;70;14
8;4;3;2;1;2/4/2024 00:00;91089;5;70;14
8;4;3;2;1;2/4/2024 00:00;91090;5;70;14
8;4;3;2;2;2/4/2024 00:00;91091;5;67.5;13.5
8;4;3;2;2;2/4/2024 00:00;91092;5;67.5;13.5
8;5;3;2;2;2/5/2024 00:00;91093;5;67.5;13.5
8;5;3;2;2;2/5/2024 00:00;91094;5;67.5;13.5
8;5;3;2;2;2/5/2024 00:00;91095;5;67.5;13.5
8;5;3;2;2;2/5/2024 00:00;91096;5;67.5;13.5
8;5;3;2;2;2/5/2024 00:00;91097;5;67.5;13.5
8;5;3;2;2;2/5/2024 00:00;91098;5;67.5;13.5
8;5;3;2;2;2/5/2024 00:00;91099;5;67.5;13.5
8;5;3;2;2;2/5/2024 00:00;91100;5;67.5;13.5
8;5;3;2;3;2/5/2024 00:00;91101;4;66;16.5
8;5;3;2;3;2/5/2024 00:00;91102;4;66;16.5
8;5;3;2;3;2/5/2024 00:00;91103;4;66;16.5
8;5;3;2;3;2/5/2024 00:00;91104;4;66;16.5
8;5;3;2;3;2/5/2024 00:00;91105;4;66;16.5
8;5;3;2;3;2/5/2024 00:00;91106;4;66;16.5
8;5;3;2;3;2/5/2024 00:00;91107;4;66;16.5
8;5;3;2;3;2/5/2024 00:00;91108;4;66;16.5
8;5;3;2;3;2/5/2024 00:00;91109;4;66;16.5
8;5;3;2;3;2/5/2024 00:00;91110;4;66;16.5
8;5;3;2;4;2/5/2024 00:00;91111;3;49.8;16.6
8;5;3;2;4;2/5/2024 00:00;91112;3;49.8;16.6
8;5;3;2;4;2/5/2024 00:00;91113;3;49.8;16.6
8;5;3;2;4;2/5/2024 00:00;91114;3;49.8;16.6
8;5;3;2;4;2/5/2024 00:00;91115;3;49.8;16.6
8;5;3;2;4;2/5/2024 00:00;91116;3;49.8;16.6
8;5;3;2;4;2/5/2024 00:00;91117;3;49.8;16.6
8;5;3;2;4;2/5/2024 00:00;91118;3;49.8;16.6
8;5;3;2;4;2/5/2024 00:00;91119;3;49.8;16.6
8;5;3;2;4;2/5/2024 00:00;91120;3;49.8;16.6
8;5;3;2;5;2/5/2024 00:00;91121;3;51;17
8;5;3;2;5;2/5/2024 00:00;91122;3;51;17
8;5;3;2;5;2/5/2024 00:00;91123;3;51;17
8;5;3;2;5;2/5/2024 00:00;91124;3;51;17
8;5;3;2;5;2/5/2024 00:00;91125;3;51;17
8;6;3;2;5;2/6/2024 00:00;91126;3;51;17
8;6;3;2;5;2/6/2024 00:00;91127;3;51;17
8;6;3;2;5;2/6/2024 00:00;91128;3;51;17
8;6;3;2;5;2/6/2024 00:00;91129;3;51;17
8;6;3;2;5;2/6/2024 00:00;91130;3;51;17
8;6;3;2;6;2/6/2024 00:00;91131;4;66;16.5
8;6;3;2;6;2/6/2024 00:00;91132;4;66;16.5
8;6;3;2;6;2/6/2024 00:00;91133;4;66;16.5
8;6;3;2;6;2/6/2024 00:00;91134;4;66;16.5
8;6;3;2;6;2/6/2024 00:00;91135;4;66;16.5
8;6;3;2;6;2/6/2024 00:00;91136;4;66;16.5
8;6;3;2;6;2/6/2024 00:00;91137;4;66;16.5
8;6;3;2;6;2/6/2024 00:00;91138;4;66;16.5
8;6;3;2;6;2/6/2024 00:00;91139;4;66;16.5
8;6;3;2;6;2/6/2024 00:00;91140;4;66;16.5
8;6;3;2;7;2/6/2024 00:00;91141;4;72;18
8;6;3;2;7;2/6/2024 00:00;91142;4;72;18
8;6;3;2;7;2/6/2024 00:00;91143;4;72;18
8;6;3;2;7;2/6/2024 00:00;91144;4;72;18
8;6;3;2;7;2/6/2024 00:00;91145;4;72;18
8;6;3;2;7;2/6/2024 00:00;91146;4;72;18
8;6;3;2;7;2/6/2024 00:00;91147;4;72;18
8;6;3;2;7;2/6/2024 00:00;91148;4;72;18
8;6;3;2;7;2/6/2024 00:00;91149;4;72;18
8;6;3;2;7;2/6/2024 00:00;91150;4;72;18
8;6;3;2;8;2/6/2024 00:00;91151;5;60;12
8;6;3;2;8;2/6/2024 00:00;91152;5;60;12
8;6;3;2;8;2/6/2024 00:00;91153;5;60;12
8;6;3;2;8;2/6/2024 00:00;91154;5;60;12
8;6;3;2;8;2/6/2024 00:00;91155;5;60;12
8;6;3;2;8;2/6/2024 00:00;91156;5;60;12
8;6;3;2;8;2/6/2024 00:00;91157;5;60;12
8;6;3;2;8;2/6/2024 00:00;91158;5;60;12
8;6;3;2;8;2/6/2024 00:00;91159;5;60;12
8;6;3;2;8;2/6/2024 00:00;91160;5;60;12
8;6;4;2;1;2/6/2024 00:00;91161;3;42;14
8;6;4;2;1;2/6/2024 00:00;91162;3;42;14
8;6;4;2;1;2/6/2024 00:00;91163;3;42;14
8;6;4;2;1;2/6/2024 00:00;91164;3;42;14
8;6;4;2;1;2/6/2024 00:00;91165;3;42;14
8;6;4;2;1;2/6/2024 00:00;91166;3;42;14
8;6;4;2;1;2/6/2024 00:00;91167;3;42;14
8;6;4;2;1;2/6/2024 00:00;91168;3;42;14
8;6;4;2;1;2/6/2024 00:00;91169;3;42;14
8;6;4;2;1;2/6/2024 00:00;91170;3;42;14
8;6;4;2;2;2/6/2024 00:00;91171;1;13.5;13.5
8;6;4;2;2;2/6/2024 00:00;91172;1;13.5;13.5
8;6;4;2;2;2/6/2024 00:00;91173;1;13.5;13.5
8;6;4;2;2;2/6/2024 00:00;91174;1;13.5;13.5
8;6;4;2;2;2/6/2024 00:00;91175;1;13.5;13.5
8;6;4;2;2;2/6/2024 00:00;91176;1;13.5;13.5
8;6;4;2;2;2/6/2024 00:00;91177;1;13.5;13.5
8;6;4;2;2;2/6/2024 00:00;91178;1;13.5;13.5
8;6;4;2;2;2/6/2024 00:00;91179;1;13.5;13.5
8;6;4;2;2;2/6/2024 00:00;91180;1;13.5;13.5
8;6;4;2;3;2/6/2024 00:00;91181;2;33;16.5
8;6;4;2;3;2/6/2024 00:00;91182;2;33;16.5
8;7;4;2;3;2/7/2024 00:00;91183;2;33;16.5
8;7;4;2;3;2/7/2024 00:00;91184;2;33;16.5
8;7;4;2;3;2/7/2024 00:00;91185;2;33;16.5
8;7;4;2;3;2/7/2024 00:00;91186;2;33;16.5
8;7;4;2;3;2/7/2024 00:00;91187;2;33;16.5
8;7;4;2;3;2/7/2024 00:00;91188;2;33;16.5
8;7;4;2;3;2/7/2024 00:00;91189;2;33;16.5
8;7;4;2;3;2/7/2024 00:00;91190;2;33;16.5
8;7;4;2;4;2/7/2024 00:00;91191;2;33.2;16.6
8;7;4;2;4;2/7/2024 00:00;91192;2;33.2;16.6
8;7;4;2;4;2/7/2024 00:00;91193;2;33.2;16.6
8;7;4;2;4;2/7/2024 00:00;91194;2;33.2;16.6
8;7;4;2;4;2/7/2024 00:00;91195;2;33.2;16.6
8;7;4;2;4;2/7/2024 00:00;91196;2;33.2;16.6
8;7;4;2;4;2/7/2024 00:00;91197;2;33.2;16.6
8;7;4;2;4;2/7/2024 00:00;91198;2;33.2;16.6
8;7;4;2;4;2/7/2024 00:00;91199;2;33.2;16.6
8;7;4;2;4;2/7/2024 00:00;91200;2;33.2;16.6
8;7;4;2;5;2/7/2024 00:00;91201;3;51;17
8;7;4;2;5;2/7/2024 00:00;91202;3;51;17
8;7;4;2;5;2/7/2024 00:00;91203;3;51;17
8;7;4;2;5;2/7/2024 00:00;91204;3;51;17
8;7;4;2;5;2/7/2024 00:00;91205;3;51;17
8;7;4;2;5;2/7/2024 00:00;91206;3;51;17
8;8;4;2;5;2/8/2024 00:00;91207;3;51;17
8;8;4;2;5;2/8/2024 00:00;91208;3;51;17
8;8;4;2;5;2/8/2024 00:00;91209;3;51;17
8;8;4;2;5;2/8/2024 00:00;91210;3;51;17
8;8;4;2;6;2/8/2024 00:00;91211;4;66;16.5
8;8;4;2;6;2/8/2024 00:00;91212;4;66;16.5
8;8;4;2;6;2/8/2024 00:00;91213;4;66;16.5
8;8;4;2;6;2/8/2024 00:00;91214;4;66;16.5
8;8;4;2;6;2/8/2024 00:00;91215;4;66;16.5
8;8;4;2;6;2/8/2024 00:00;91216;4;66;16.5
8;8;4;2;6;2/8/2024 00:00;91217;4;66;16.5
8;8;4;2;6;2/8/2024 00:00;91218;4;66;16.5
8;8;4;2;6;2/8/2024 00:00;91219;4;66;16.5
8;8;4;2;6;2/8/2024 00:00;91220;4;66;16.5
8;8;4;2;7;2/8/2024 00:00;91221;3;54;18
8;8;4;2;7;2/8/2024 00:00;91222;3;54;18
8;8;4;2;7;2/8/2024 00:00;91223;3;54;18
8;8;4;2;7;2/8/2024 00:00;91224;3;54;18
8;8;4;2;7;2/8/2024 00:00;91225;3;54;18
8;8;4;2;7;2/8/2024 00:00;91226;3;54;18
8;8;4;2;7;2/8/2024 00:00;91227;3;54;18
8;8;4;2;7;2/8/2024 00:00;91228;3;54;18
8;8;4;2;7;2/8/2024 00:00;91229;3;54;18
8;8;4;2;7;2/8/2024 00:00;91230;3;54;18
8;8;4;2;8;2/8/2024 00:00;91231;4;48;12
8;8;4;2;8;2/8/2024 00:00;91232;4;48;12
8;8;4;2;8;2/8/2024 00:00;91233;4;48;12
8;8;4;2;8;2/8/2024 00:00;91234;4;48;12
8;8;4;2;8;2/8/2024 00:00;91235;4;48;12
8;8;4;2;8;2/8/2024 00:00;91236;4;48;12
8;9;4;2;8;2/9/2024 00:00;91237;4;48;12
8;9;4;2;8;2/9/2024 00:00;91238;4;48;12
8;9;4;2;8;2/9/2024 00:00;91239;4;48;12
8;9;4;2;8;2/9/2024 00:00;91240;4;48;12
8;9;1;1;1;2/9/2024 00:00;91241;2;28;14
8;9;1;1;1;2/9/2024 00:00;91242;2;28;14
8;9;1;1;1;2/9/2024 00:00;91243;2;28;14
8;9;1;1;1;2/9/2024 00:00;91244;2;28;14
8;9;1;1;1;2/9/2024 00:00;91245;2;28;14
8;9;1;1;1;2/9/2024 00:00;91246;2;28;14
8;10;1;1;1;2/10/2024 00:00;91247;2;28;14
8;10;1;1;1;2/10/2024 00:00;91248;2;28;14
8;10;1;1;1;2/10/2024 00:00;91249;2;28;14
8;10;1;1;1;2/10/2024 00:00;91250;2;28;14
8;10;1;1;2;2/10/2024 00:00;91251;2;27;13.5
8;10;1;1;2;2/10/2024 00:00;91252;2;27;13.5
8;10;1;1;2;2/10/2024 00:00;91253;2;27;13.5
8;10;1;1;2;2/10/2024 00:00;91254;2;27;13.5
8;10;1;1;2;2/10/2024 00:00;91255;2;27;13.5
8;10;1;1;2;2/10/2024 00:00;91256;2;27;13.5
8;10;1;1;2;2/10/2024 00:00;91257;2;27;13.5
8;10;1;1;2;2/10/2024 00:00;91258;2;27;13.5
8;10;1;1;2;2/10/2024 00:00;91259;2;27;13.5
8;10;1;1;2;2/10/2024 00:00;91260;2;27;13.5
8;10;1;1;3;2/10/2024 00:00;91261;1;16.5;16.5
8;10;1;1;3;2/10/2024 00:00;91262;1;16.5;16.5
8;10;1;1;3;2/10/2024 00:00;91263;1;16.5;16.5
8;10;1;1;3;2/10/2024 00:00;91264;1;16.5;16.5
8;10;1;1;3;2/10/2024 00:00;91265;1;16.5;16.5
8;10;1;1;3;2/10/2024 00:00;91266;1;16.5;16.5
8;10;1;1;3;2/10/2024 00:00;91267;1;16.5;16.5
8;10;1;1;3;2/10/2024 00:00;91268;1;16.5;16.5
8;10;1;1;3;2/10/2024 00:00;91269;1;16.5;16.5
8;10;1;1;3;2/10/2024 00:00;91270;1;16.5;16.5
8;10;1;1;4;2/10/2024 00:00;91271;2;33.2;16.6
8;10;1;1;4;2/10/2024 00:00;91272;2;33.2;16.6
8;10;1;1;4;2/10/2024 00:00;91273;2;33.2;16.6
8;10;1;1;4;2/10/2024 00:00;91274;2;33.2;16.6
8;10;1;1;4;2/10/2024 00:00;91275;2;33.2;16.6
8;10;1;1;4;2/10/2024 00:00;91276;2;33.2;16.6
8;10;1;1;4;2/10/2024 00:00;91277;2;33.2;16.6
8;10;1;1;4;2/10/2024 00:00;91278;2;33.2;16.6
8;10;1;1;4;2/10/2024 00:00;91279;2;33.2;16.6
8;10;1;1;4;2/10/2024 00:00;91280;2;33.2;16.6
8;10;1;1;5;2/10/2024 00:00;91281;1;17;17
8;10;1;1;5;2/10/2024 00:00;91282;1;17;17
8;10;1;1;5;2/10/2024 00:00;91283;1;17;17
8;10;1;1;5;2/10/2024 00:00;91284;1;17;17
8;10;1;1;5;2/10/2024 00:00;91285;1;17;17
8;10;1;1;5;2/10/2024 00:00;91286;1;17;17
8;10;1;1;5;2/10/2024 00:00;91287;1;17;17
8;10;1;1;5;2/10/2024 00:00;91288;1;17;17
8;10;1;1;5;2/10/2024 00:00;91289;1;17;17
8;10;1;1;5;2/10/2024 00:00;91290;1;17;17
8;10;1;1;6;2/10/2024 00:00;91291;2;33;16.5
8;10;1;1;6;2/10/2024 00:00;91292;2;33;16.5
8;10;1;1;6;2/10/2024 00:00;91293;2;33;16.5
8;10;1;1;6;2/10/2024 00:00;91294;2;33;16.5
8;10;1;1;6;2/10/2024 00:00;91295;2;33;16.5
8;10;1;1;6;2/10/2024 00:00;91296;2;33;16.5
8;10;1;1;6;2/10/2024 00:00;91297;2;33;16.5
8;10;1;1;6;2/10/2024 00:00;91298;2;33;16.5
8;10;1;1;6;2/10/2024 00:00;91299;2;33;16.5
8;10;1;1;6;2/10/2024 00:00;91300;2;33;16.5
8;10;1;1;7;2/10/2024 00:00;91301;2;36;18
8;10;1;1;7;2/10/2024 00:00;91302;2;36;18
8;10;1;1;7;2/10/2024 00:00;91303;2;36;18
8;10;1;1;7;2/10/2024 00:00;91304;2;36;18
8;10;1;1;7;2/10/2024 00:00;91305;2;36;18
8;10;1;1;7;2/10/2024 00:00;91306;2;36;18
8;10;1;1;7;2/10/2024 00:00;91307;2;36;18
8;10;1;1;7;2/10/2024 00:00;91308;2;36;18
8;10;1;1;7;2/10/2024 00:00;91309;2;36;18
8;10;1;1;7;2/10/2024 00:00;91310;2;36;18
8;10;1;1;8;2/10/2024 00:00;91311;4;48;12
8;10;1;1;8;2/10/2024 00:00;91312;4;48;12
8;10;1;1;8;2/10/2024 00:00;91313;4;48;12
8;10;1;1;8;2/10/2024 00:00;91314;4;48;12
8;10;1;1;8;2/10/2024 00:00;91315;4;48;12
8;10;1;1;8;2/10/2024 00:00;91316;4;48;12
8;10;1;1;8;2/10/2024 00:00;91317;4;48;12
8;10;1;1;8;2/10/2024 00:00;91318;4;48;12
8;10;1;1;8;2/10/2024 00:00;91319;4;48;12
8;10;1;1;8;2/10/2024 00:00;91320;4;48;12
8;10;2;1;1;2/10/2024 00:00;91321;3;42;14
8;10;2;1;1;2/10/2024 00:00;91322;3;42;14
8;10;2;1;1;2/10/2024 00:00;91323;3;42;14
8;10;2;1;1;2/10/2024 00:00;91324;3;42;14
8;10;2;1;1;2/10/2024 00:00;91325;3;42;14
8;10;2;1;1;2/10/2024 00:00;91326;3;42;14
8;10;2;1;1;2/10/2024 00:00;91327;3;42;14
8;10;2;1;1;2/10/2024 00:00;91328;3;42;14
8;10;2;1;1;2/10/2024 00:00;91329;3;42;14
8;10;2;1;1;2/10/2024 00:00;91330;3;42;14
8;10;2;1;2;2/10/2024 00:00;91331;3;40.5;13.5
8;10;2;1;2;2/10/2024 00:00;91332;3;40.5;13.5
8;10;2;1;2;2/10/2024 00:00;91333;3;40.5;13.5
8;10;2;1;2;2/10/2024 00:00;91334;3;40.5;13.5
8;10;2;1;2;2/10/2024 00:00;91335;3;40.5;13.5
8;10;2;1;2;2/10/2024 00:00;91336;3;40.5;13.5
8;10;2;1;2;2/10/2024 00:00;91337;3;40.5;13.5
8;10;2;1;2;2/10/2024 00:00;91338;3;40.5;13.5
8;10;2;1;2;2/10/2024 00:00;91339;3;40.5;13.5
8;10;2;1;2;2/10/2024 00:00;91340;3;40.5;13.5
8;10;2;1;3;2/10/2024 00:00;91341;2;33;16.5
8;10;2;1;3;2/10/2024 00:00;91342;2;33;16.5
8;10;2;1;3;2/10/2024 00:00;91343;2;33;16.5
8;10;2;1;3;2/10/2024 00:00;91344;2;33;16.5
8;10;2;1;3;2/10/2024 00:00;91345;2;33;16.5
8;10;2;1;3;2/10/2024 00:00;91346;2;33;16.5
8;10;2;1;3;2/10/2024 00:00;91347;2;33;16.5
8;10;2;1;3;2/10/2024 00:00;91348;2;33;16.5
8;10;2;1;3;2/10/2024 00:00;91349;2;33;16.5
8;10;2;1;3;2/10/2024 00:00;91350;2;33;16.5
8;10;2;1;4;2/10/2024 00:00;91351;3;49.8;16.6
8;10;2;1;4;2/10/2024 00:00;91352;3;49.8;16.6
8;10;2;1;4;2/10/2024 00:00;91353;3;49.8;16.6
8;10;2;1;4;2/10/2024 00:00;91354;3;49.8;16.6
8;10;2;1;4;2/10/2024 00:00;91355;3;49.8;16.6
8;10;2;1;4;2/10/2024 00:00;91356;3;49.8;16.6
8;10;2;1;4;2/10/2024 00:00;91357;3;49.8;16.6
8;10;2;1;4;2/10/2024 00:00;91358;3;49.8;16.6
8;10;2;1;4;2/10/2024 00:00;91359;3;49.8;16.6
8;10;2;1;4;2/10/2024 00:00;91360;3;49.8;16.6
8;10;2;1;5;2/10/2024 00:00;91361;2;34;17
8;10;2;1;5;2/10/2024 00:00;91362;2;34;17
8;10;2;1;5;2/10/2024 00:00;91363;2;34;17
8;10;2;1;5;2/10/2024 00:00;91364;2;34;17
8;10;2;1;5;2/10/2024 00:00;91365;2;34;17
8;10;2;1;5;2/10/2024 00:00;91366;2;34;17
8;10;2;1;5;2/10/2024 00:00;91367;2;34;17
8;10;2;1;5;2/10/2024 00:00;91368;2;34;17
8;10;2;1;5;2/10/2024 00:00;91369;2;34;17
8;10;2;1;5;2/10/2024 00:00;91370;2;34;17
8;11;2;1;6;2/11/2024 00:00;91371;3;49.5;16.5
8;11;2;1;6;2/11/2024 00:00;91372;3;49.5;16.5
8;11;2;1;6;2/11/2024 00:00;91373;3;49.5;16.5
8;11;2;1;6;2/11/2024 00:00;91374;3;49.5;16.5
8;11;2;1;6;2/11/2024 00:00;91375;3;49.5;16.5
8;11;2;1;6;2/11/2024 00:00;91376;3;49.5;16.5
8;11;2;1;6;2/11/2024 00:00;91377;3;49.5;16.5
8;11;2;1;6;2/11/2024 00:00;91378;3;49.5;16.5
8;11;2;1;6;2/11/2024 00:00;91379;3;49.5;16.5
8;11;2;1;6;2/11/2024 00:00;91380;3;49.5;16.5
8;11;2;1;7;2/11/2024 00:00;91381;3;54;18
8;11;2;1;7;2/11/2024 00:00;91382;3;54;18
8;11;2;1;7;2/11/2024 00:00;91383;3;54;18
8;11;2;1;7;2/11/2024 00:00;91384;3;54;18
8;11;2;1;7;2/11/2024 00:00;91385;3;54;18
8;11;2;1;7;2/11/2024 00:00;91386;3;54;18
8;11;2;1;7;2/11/2024 00:00;91387;3;54;18
8;11;2;1;7;2/11/2024 00:00;91388;3;54;18
8;11;2;1;7;2/11/2024 00:00;91389;3;54;18
8;11;2;1;7;2/11/2024 00:00;91390;3;54;18
8;11;2;1;8;2/11/2024 00:00;91391;5;60;12
8;11;2;1;8;2/11/2024 00:00;91392;5;60;12
8;11;2;1;8;2/11/2024 00:00;91393;5;60;12
8;11;2;1;8;2/11/2024 00:00;91394;5;60;12
8;11;2;1;8;2/11/2024 00:00;91395;5;60;12
8;11;2;1;8;2/11/2024 00:00;91396;5;60;12
8;11;2;1;8;2/11/2024 00:00;91397;5;60;12
8;11;2;1;8;2/11/2024 00:00;91398;5;60;12
8;11;2;1;8;2/11/2024 00:00;91399;5;60;12
8;11;2;1;8;2/11/2024 00:00;91400;5;60;12
8;11;3;1;1;2/11/2024 00:00;91401;4;56;14
8;11;3;1;1;2/11/2024 00:00;91402;4;56;14
8;11;3;1;1;2/11/2024 00:00;91403;4;56;14
8;11;3;1;1;2/11/2024 00:00;91404;4;56;14
8;11;3;1;1;2/11/2024 00:00;91405;4;56;14
8;11;3;1;1;2/11/2024 00:00;91406;4;56;14
8;11;3;1;1;2/11/2024 00:00;91407;4;56;14
8;11;3;1;1;2/11/2024 00:00;91408;4;56;14
8;11;3;1;1;2/11/2024 00:00;91409;4;56;14
8;11;3;1;1;2/11/2024 00:00;91410;4;56;14
8;11;3;1;2;2/11/2024 00:00;91411;4;54;13.5
8;11;3;1;2;2/11/2024 00:00;91412;4;54;13.5
8;11;3;1;2;2/11/2024 00:00;91413;4;54;13.5
8;11;3;1;2;2/11/2024 00:00;91414;4;54;13.5
8;11;3;1;2;2/11/2024 00:00;91415;4;54;13.5
8;11;3;1;2;2/11/2024 00:00;91416;4;54;13.5
8;11;3;1;2;2/11/2024 00:00;91417;4;54;13.5
8;11;3;1;2;2/11/2024 00:00;91418;4;54;13.5
8;11;3;1;2;2/11/2024 00:00;91419;4;54;13.5
8;11;3;1;2;2/11/2024 00:00;91420;4;54;13.5
8;11;3;1;3;2/11/2024 00:00;91421;3;49.5;16.5
8;11;3;1;3;2/11/2024 00:00;91422;3;49.5;16.5
8;11;3;1;3;2/11/2024 00:00;91423;3;49.5;16.5
8;11;3;1;3;2/11/2024 00:00;91424;3;49.5;16.5
8;11;3;1;3;2/11/2024 00:00;91425;3;49.5;16.5
8;11;3;1;3;2/11/2024 00:00;91426;3;49.5;16.5
8;11;3;1;3;2/11/2024 00:00;91427;3;49.5;16.5
8;11;3;1;3;2/11/2024 00:00;91428;3;49.5;16.5
8;11;3;1;3;2/11/2024 00:00;91429;3;49.5;16.5
8;11;3;1;3;2/11/2024 00:00;91430;3;49.5;16.5
8;11;3;1;4;2/11/2024 00:00;91431;4;66.4;16.6
8;11;3;1;4;2/11/2024 00:00;91432;4;66.4;16.6
8;11;3;1;4;2/11/2024 00:00;91433;4;66.4;16.6
8;11;3;1;4;2/11/2024 00:00;91434;4;66.4;16.6
8;11;3;1;4;2/11/2024 00:00;91435;4;66.4;16.6
8;11;3;1;4;2/11/2024 00:00;91436;4;66.4;16.6
8;11;3;1;4;2/11/2024 00:00;91437;4;66.4;16.6
8;11;3;1;4;2/11/2024 00:00;91438;4;66.4;16.6
8;11;3;1;4;2/11/2024 00:00;91439;4;66.4;16.6
8;11;3;1;4;2/11/2024 00:00;91440;4;66.4;16.6
8;11;3;1;5;2/11/2024 00:00;91441;3;51;17
8;11;3;1;5;2/11/2024 00:00;91442;3;51;17
8;11;3;1;5;2/11/2024 00:00;91443;3;51;17
8;11;3;1;5;2/11/2024 00:00;91444;3;51;17
8;11;3;1;5;2/11/2024 00:00;91445;3;51;17
8;11;3;1;5;2/11/2024 00:00;91446;3;51;17
8;11;3;1;5;2/11/2024 00:00;91447;3;51;17
8;11;3;1;5;2/11/2024 00:00;91448;3;51;17
8;11;3;1;5;2/11/2024 00:00;91449;3;51;17
8;11;3;1;5;2/11/2024 00:00;91450;3;51;17
8;11;3;1;6;2/11/2024 00:00;91451;4;66;16.5
8;11;3;1;6;2/11/2024 00:00;91452;4;66;16.5
8;11;3;1;6;2/11/2024 00:00;91453;4;66;16.5
8;11;3;1;6;2/11/2024 00:00;91454;4;66;16.5
8;11;3;1;6;2/11/2024 00:00;91455;4;66;16.5
8;11;3;1;6;2/11/2024 00:00;91456;4;66;16.5
8;11;3;1;6;2/11/2024 00:00;91457;4;66;16.5
8;11;3;1;6;2/11/2024 00:00;91458;4;66;16.5
8;11;3;1;6;2/11/2024 00:00;91459;4;66;16.5
8;11;3;1;6;2/11/2024 00:00;91460;4;66;16.5
8;11;3;1;7;2/11/2024 00:00;91461;4;72;18
8;11;3;1;7;2/11/2024 00:00;91462;4;72;18
8;11;3;1;7;2/11/2024 00:00;91463;4;72;18
8;11;3;1;7;2/11/2024 00:00;91464;4;72;18
8;11;3;1;7;2/11/2024 00:00;91465;4;72;18
8;11;3;1;7;2/11/2024 00:00;91466;4;72;18
8;11;3;1;7;2/11/2024 00:00;91467;4;72;18
8;11;3;1;7;2/11/2024 00:00;91468;4;72;18
8;11;3;1;7;2/11/2024 00:00;91469;4;72;18
8;12;3;1;7;2/12/2024 00:00;91470;4;72;18
8;12;3;1;8;2/12/2024 00:00;91471;6;72;12
8;12;3;1;8;2/12/2024 00:00;91472;6;72;12
8;12;3;1;8;2/12/2024 00:00;91473;6;72;12
8;12;3;1;8;2/12/2024 00:00;91474;6;72;12
8;12;3;1;8;2/12/2024 00:00;91475;6;72;12
8;12;3;1;8;2/12/2024 00:00;91476;6;72;12
8;12;3;1;8;2/12/2024 00:00;91477;6;72;12
8;12;3;1;8;2/12/2024 00:00;91478;6;72;12
8;12;3;1;8;2/12/2024 00:00;91479;6;72;12
8;12;3;1;8;2/12/2024 00:00;91480;6;72;12
8;12;4;1;1;2/12/2024 00:00;91481;1;14;14
8;12;4;1;1;2/12/2024 00:00;91482;1;14;14
8;12;4;1;1;2/12/2024 00:00;91483;1;14;14
8;12;4;1;1;2/12/2024 00:00;91484;1;14;14
8;12;4;1;1;2/12/2024 00:00;91485;1;14;14
8;12;4;1;1;2/12/2024 00:00;91486;1;14;14
8;12;4;1;1;2/12/2024 00:00;91487;1;14;14
8;12;4;1;1;2/12/2024 00:00;91488;1;14;14
8;12;4;1;1;2/12/2024 00:00;91489;1;14;14
8;12;4;1;1;2/12/2024 00:00;91490;1;14;14
8;12;4;1;2;2/12/2024 00:00;91491;3;40.5;13.5
8;12;4;1;2;2/12/2024 00:00;91492;3;40.5;13.5
8;12;4;1;2;2/12/2024 00:00;91493;3;40.5;13.5
8;12;4;1;2;2/12/2024 00:00;91494;3;40.5;13.5
8;12;4;1;2;2/12/2024 00:00;91495;3;40.5;13.5
8;12;4;1;2;2/12/2024 00:00;91496;3;40.5;13.5
8;12;4;1;2;2/12/2024 00:00;91497;3;40.5;13.5
8;12;4;1;2;2/12/2024 00:00;91498;3;40.5;13.5
8;12;4;1;2;2/12/2024 00:00;91499;3;40.5;13.5
8;12;4;1;2;2/12/2024 00:00;91500;3;40.5;13.5
8;12;4;1;3;2/12/2024 00:00;91501;2;33;16.5
8;12;4;1;3;2/12/2024 00:00;91502;2;33;16.5
8;12;4;1;3;2/12/2024 00:00;91503;2;33;16.5
8;12;4;1;3;2/12/2024 00:00;91504;2;33;16.5
8;12;4;1;3;2/12/2024 00:00;91505;2;33;16.5
8;12;4;1;3;2/12/2024 00:00;91506;2;33;16.5
8;12;4;1;3;2/12/2024 00:00;91507;2;33;16.5
8;12;4;1;3;2/12/2024 00:00;91508;2;33;16.5
8;12;4;1;3;2/12/2024 00:00;91509;2;33;16.5
8;12;4;1;3;2/12/2024 00:00;91510;2;33;16.5
8;12;4;1;4;2/12/2024 00:00;91511;3;49.8;16.6
8;12;4;1;4;2/12/2024 00:00;91512;3;49.8;16.6
8;12;4;1;4;2/12/2024 00:00;91513;3;49.8;16.6
8;12;4;1;4;2/12/2024 00:00;91514;3;49.8;16.6
8;12;4;1;4;2/12/2024 00:00;91515;3;49.8;16.6
8;12;4;1;4;2/12/2024 00:00;91516;3;49.8;16.6
8;12;4;1;4;2/12/2024 00:00;91517;3;49.8;16.6
8;12;4;1;4;2/12/2024 00:00;91518;3;49.8;16.6
8;12;4;1;4;2/12/2024 00:00;91519;3;49.8;16.6
8;12;4;1;4;2/12/2024 00:00;91520;3;49.8;16.6
8;12;4;1;5;2/12/2024 00:00;91521;2;34;17
8;12;4;1;5;2/12/2024 00:00;91522;2;34;17
8;12;4;1;5;2/12/2024 00:00;91523;2;34;17
8;12;4;1;5;2/12/2024 00:00;91524;2;34;17
8;12;4;1;5;2/12/2024 00:00;91525;2;34;17
8;12;4;1;5;2/12/2024 00:00;91526;2;34;17
8;12;4;1;5;2/12/2024 00:00;91527;2;34;17
8;12;4;1;5;2/12/2024 00:00;91528;2;34;17
8;12;4;1;5;2/12/2024 00:00;91529;2;34;17
8;12;4;1;5;2/12/2024 00:00;91530;2;34;17
8;12;4;1;6;2/12/2024 00:00;91531;2;33;16.5
8;12;4;1;6;2/12/2024 00:00;91532;2;33;16.5
8;12;4;1;6;2/12/2024 00:00;91533;2;33;16.5
8;12;4;1;6;2/12/2024 00:00;91534;2;33;16.5
8;12;4;1;6;2/12/2024 00:00;91535;2;33;16.5
8;12;4;1;6;2/12/2024 00:00;91536;2;33;16.5
8;12;4;1;6;2/12/2024 00:00;91537;2;33;16.5
8;12;4;1;6;2/12/2024 00:00;91538;2;33;16.5
8;12;4;1;6;2/12/2024 00:00;91539;2;33;16.5
8;12;4;1;6;2/12/2024 00:00;91540;2;33;16.5
8;12;4;1;7;2/12/2024 00:00;91541;3;54;18
8;12;4;1;7;2/12/2024 00:00;91542;3;54;18
8;12;4;1;7;2/12/2024 00:00;91543;3;54;18
8;12;4;1;7;2/12/2024 00:00;91544;3;54;18
8;12;4;1;7;2/12/2024 00:00;91545;3;54;18
8;12;4;1;7;2/12/2024 00:00;91546;3;54;18
8;12;4;1;7;2/12/2024 00:00;91547;3;54;18
8;12;4;1;7;2/12/2024 00:00;91548;3;54;18
8;12;4;1;7;2/12/2024 00:00;91549;3;54;18
8;12;4;1;7;2/12/2024 00:00;91550;3;54;18
8;12;4;1;8;2/12/2024 00:00;91551;4;48;12
8;12;4;1;8;2/12/2024 00:00;91552;4;48;12
8;12;4;1;8;2/12/2024 00:00;91553;4;48;12
8;12;4;1;8;2/12/2024 00:00;91554;4;48;12
8;12;4;1;8;2/12/2024 00:00;91555;4;48;12
8;12;4;1;8;2/12/2024 00:00;91556;4;48;12
8;12;4;1;8;2/12/2024 00:00;91557;4;48;12
8;12;4;1;8;2/12/2024 00:00;91558;4;48;12
8;12;4;1;8;2/12/2024 00:00;91559;4;48;12
8;12;4;1;8;2/12/2024 00:00;91560;4;48;12
8;12;1;2;1;2/12/2024 00:00;91561;3;42;14
9;1;1;2;1;2/1/2025 00:00;91562;3;42;14
9;1;1;2;1;2/1/2025 00:00;91563;3;42;14
9;1;1;2;1;2/1/2025 00:00;91564;3;42;14
9;1;1;2;1;2/1/2025 00:00;91565;3;42;14
9;1;1;2;1;2/1/2025 00:00;91566;3;42;14
9;1;1;2;1;2/1/2025 00:00;91567;3;42;14
9;1;1;2;1;2/1/2025 00:00;91568;3;42;14
9;1;1;2;1;2/1/2025 00:00;91569;3;42;14
9;1;1;2;1;2/1/2025 00:00;91570;3;42;14
9;1;1;2;2;2/1/2025 00:00;91571;3;40.5;13.5
9;1;1;2;2;2/1/2025 00:00;91572;3;40.5;13.5
9;1;1;2;2;2/1/2025 00:00;91573;3;40.5;13.5
9;1;1;2;2;2/1/2025 00:00;91574;3;40.5;13.5
9;1;1;2;2;2/1/2025 00:00;91575;3;40.5;13.5
9;1;1;2;2;2/1/2025 00:00;91576;3;40.5;13.5
9;1;1;2;2;2/1/2025 00:00;91577;3;40.5;13.5
9;1;1;2;2;2/1/2025 00:00;91578;3;40.5;13.5
9;1;1;2;2;2/1/2025 00:00;91579;3;40.5;13.5
9;1;1;2;2;2/1/2025 00:00;91580;3;40.5;13.5
9;1;1;2;3;2/1/2025 00:00;91581;2;33;16.5
9;1;1;2;3;2/1/2025 00:00;91582;2;33;16.5
9;1;1;2;3;2/1/2025 00:00;91583;2;33;16.5
9;1;1;2;3;2/1/2025 00:00;91584;2;33;16.5
9;1;1;2;3;2/1/2025 00:00;91585;2;33;16.5
9;1;1;2;3;2/1/2025 00:00;91586;2;33;16.5
9;1;1;2;3;2/1/2025 00:00;91587;2;33;16.5
9;1;1;2;3;2/1/2025 00:00;91588;2;33;16.5
9;1;1;2;3;2/1/2025 00:00;91589;2;33;16.5
9;1;1;2;3;2/1/2025 00:00;91590;2;33;16.5
9;1;1;2;4;2/1/2025 00:00;91591;1;16.6;16.6
9;2;1;2;4;2/2/2025 00:00;91592;1;16.6;16.6
9;2;1;2;4;2/2/2025 00:00;91593;1;16.6;16.6
9;2;1;2;4;2/2/2025 00:00;91594;1;16.6;16.6
9;2;1;2;4;2/2/2025 00:00;91595;1;16.6;16.6
9;2;1;2;4;2/2/2025 00:00;91596;1;16.6;16.6
9;2;1;2;4;2/2/2025 00:00;91597;1;16.6;16.6
9;2;1;2;4;2/2/2025 00:00;91598;1;16.6;16.6
9;2;1;2;4;2/2/2025 00:00;91599;1;16.6;16.6
9;2;1;2;4;2/2/2025 00:00;91600;1;16.6;16.6
9;2;1;2;5;2/2/2025 00:00;91601;1;17;17
9;2;1;2;5;2/2/2025 00:00;91602;1;17;17
9;2;1;2;5;2/2/2025 00:00;91603;1;17;17
9;2;1;2;5;2/2/2025 00:00;91604;1;17;17
9;2;1;2;5;2/2/2025 00:00;91605;1;17;17
9;2;1;2;5;2/2/2025 00:00;91606;1;17;17
9;2;1;2;5;2/2/2025 00:00;91607;1;17;17
9;2;1;2;5;2/2/2025 00:00;91608;1;17;17
9;2;1;2;5;2/2/2025 00:00;91609;1;17;17
9;2;1;2;5;2/2/2025 00:00;91610;1;17;17
9;2;1;2;6;2/2/2025 00:00;91611;2;33;16.5
9;2;1;2;6;2/2/2025 00:00;91612;2;33;16.5
9;2;1;2;6;2/2/2025 00:00;91613;2;33;16.5
9;2;1;2;6;2/2/2025 00:00;91614;2;33;16.5
9;2;1;2;6;2/2/2025 00:00;91615;2;33;16.5
9;2;1;2;6;2/2/2025 00:00;91616;2;33;16.5
9;2;1;2;6;2/2/2025 00:00;91617;2;33;16.5
9;2;1;2;6;2/2/2025 00:00;91618;2;33;16.5
9;2;1;2;6;2/2/2025 00:00;91619;2;33;16.5
9;2;1;2;6;2/2/2025 00:00;91620;2;33;16.5
9;2;1;2;7;2/2/2025 00:00;91621;2;36;18
9;2;1;2;7;2/2/2025 00:00;91622;2;36;18
9;2;1;2;7;2/2/2025 00:00;91623;2;36;18
9;2;1;2;7;2/2/2025 00:00;91624;2;36;18
9;2;1;2;7;2/2/2025 00:00;91625;2;36;18
9;2;1;2;7;2/2/2025 00:00;91626;2;36;18
9;2;1;2;7;2/2/2025 00:00;91627;2;36;18
9;2;1;2;7;2/2/2025 00:00;91628;2;36;18
9;2;1;2;7;2/2/2025 00:00;91629;2;36;18
9;2;1;2;7;2/2/2025 00:00;91630;2;36;18
9;2;1;2;8;2/2/2025 00:00;91631;3;36;12
9;2;1;2;8;2/2/2025 00:00;91632;3;36;12
9;2;1;2;8;2/2/2025 00:00;91633;3;36;12
9;2;1;2;8;2/2/2025 00:00;91634;3;36;12
9;2;1;2;8;2/2/2025 00:00;91635;3;36;12
9;2;1;2;8;2/2/2025 00:00;91636;3;36;12
9;2;1;2;8;2/2/2025 00:00;91637;3;36;12
9;2;1;2;8;2/2/2025 00:00;91638;3;36;12
9;2;1;2;8;2/2/2025 00:00;91639;3;36;12
9;2;1;2;8;2/2/2025 00:00;91640;3;36;12
9;3;2;2;1;2/3/2025 00:00;91641;4;56;14
9;3;2;2;1;2/3/2025 00:00;91642;4;56;14
9;3;2;2;1;2/3/2025 00:00;91643;4;56;14
9;3;2;2;1;2/3/2025 00:00;91644;4;56;14
9;3;2;2;1;2/3/2025 00:00;91645;4;56;14
9;3;2;2;1;2/3/2025 00:00;91646;4;56;14
9;3;2;2;1;2/3/2025 00:00;91647;4;56;14
9;3;2;2;1;2/3/2025 00:00;91648;4;56;14
9;3;2;2;1;2/3/2025 00:00;91649;4;56;14
9;3;2;2;1;2/3/2025 00:00;91650;4;56;14
9;3;2;2;2;2/3/2025 00:00;91651;4;54;13.5
9;3;2;2;2;2/3/2025 00:00;91652;4;54;13.5
9;3;2;2;2;2/3/2025 00:00;91653;4;54;13.5
9;3;2;2;2;2/3/2025 00:00;91654;4;54;13.5
9;3;2;2;2;2/3/2025 00:00;91655;4;54;13.5
9;3;2;2;2;2/3/2025 00:00;91656;4;54;13.5
9;3;2;2;2;2/3/2025 00:00;91657;4;54;13.5
9;3;2;2;2;2/3/2025 00:00;91658;4;54;13.5
9;3;2;2;2;2/3/2025 00:00;91659;4;54;13.5
9;3;2;2;2;2/3/2025 00:00;91660;4;54;13.5
9;3;2;2;3;2/3/2025 00:00;91661;3;49.5;16.5
9;3;2;2;3;2/3/2025 00:00;91662;3;49.5;16.5
9;3;2;2;3;2/3/2025 00:00;91663;3;49.5;16.5
9;3;2;2;3;2/3/2025 00:00;91664;3;49.5;16.5
9;3;2;2;3;2/3/2025 00:00;91665;3;49.5;16.5
9;3;2;2;3;2/3/2025 00:00;91666;3;49.5;16.5
9;3;2;2;3;2/3/2025 00:00;91667;3;49.5;16.5
9;3;2;2;3;2/3/2025 00:00;91668;3;49.5;16.5
9;3;2;2;3;2/3/2025 00:00;91669;3;49.5;16.5
9;3;2;2;3;2/3/2025 00:00;91670;3;49.5;16.5
9;3;2;2;4;2/3/2025 00:00;91671;2;33.2;16.6
9;3;2;2;4;2/3/2025 00:00;91672;2;33.2;16.6
9;3;2;2;4;2/3/2025 00:00;91673;2;33.2;16.6
9;3;2;2;4;2/3/2025 00:00;91674;2;33.2;16.6
9;3;2;2;4;2/3/2025 00:00;91675;2;33.2;16.6
9;3;2;2;4;2/3/2025 00:00;91676;2;33.2;16.6
9;3;2;2;4;2/3/2025 00:00;91677;2;33.2;16.6
9;3;2;2;4;2/3/2025 00:00;91678;2;33.2;16.6
9;3;2;2;4;2/3/2025 00:00;91679;2;33.2;16.6
9;3;2;2;4;2/3/2025 00:00;91680;2;33.2;16.6
9;3;2;2;5;2/3/2025 00:00;91681;2;34;17
9;3;2;2;5;2/3/2025 00:00;91682;2;34;17
9;3;2;2;5;2/3/2025 00:00;91683;2;34;17
9;3;2;2;5;2/3/2025 00:00;91684;2;34;17
9;3;2;2;5;2/3/2025 00:00;91685;2;34;17
9;3;2;2;5;2/3/2025 00:00;91686;2;34;17
9;3;2;2;5;2/3/2025 00:00;91687;2;34;17
9;3;2;2;5;2/3/2025 00:00;91688;2;34;17
9;3;2;2;5;2/3/2025 00:00;91689;2;34;17
9;3;2;2;5;2/3/2025 00:00;91690;2;34;17
9;3;2;2;6;2/3/2025 00:00;91691;3;49.5;16.5
9;3;2;2;6;2/3/2025 00:00;91692;3;49.5;16.5
9;3;2;2;6;2/3/2025 00:00;91693;3;49.5;16.5
9;3;2;2;6;2/3/2025 00:00;91694;3;49.5;16.5
9;3;2;2;6;2/3/2025 00:00;91695;3;49.5;16.5
9;3;2;2;6;2/3/2025 00:00;91696;3;49.5;16.5
9;3;2;2;6;2/3/2025 00:00;91697;3;49.5;16.5
9;3;2;2;6;2/3/2025 00:00;91698;3;49.5;16.5
9;3;2;2;6;2/3/2025 00:00;91699;3;49.5;16.5
9;3;2;2;6;2/3/2025 00:00;91700;3;49.5;16.5
9;3;2;2;7;2/3/2025 00:00;91701;3;54;18
9;3;2;2;7;2/3/2025 00:00;91702;3;54;18
9;3;2;2;7;2/3/2025 00:00;91703;3;54;18
9;3;2;2;7;2/3/2025 00:00;91704;3;54;18
9;3;2;2;7;2/3/2025 00:00;91705;3;54;18
9;3;2;2;7;2/3/2025 00:00;91706;3;54;18
9;3;2;2;7;2/3/2025 00:00;91707;3;54;18
9;3;2;2;7;2/3/2025 00:00;91708;3;54;18
9;3;2;2;7;2/3/2025 00:00;91709;3;54;18
9;3;2;2;7;2/3/2025 00:00;91710;3;54;18
9;3;2;2;8;2/3/2025 00:00;91711;4;48;12
9;3;2;2;8;2/3/2025 00:00;91712;4;48;12
9;3;2;2;8;2/3/2025 00:00;91713;4;48;12
9;3;2;2;8;2/3/2025 00:00;91714;4;48;12
9;4;2;2;8;2/4/2025 00:00;91715;4;48;12
9;4;2;2;8;2/4/2025 00:00;91716;4;48;12
9;4;2;2;8;2/4/2025 00:00;91717;4;48;12
9;4;2;2;8;2/4/2025 00:00;91718;4;48;12
9;4;2;2;8;2/4/2025 00:00;91719;4;48;12
9;4;2;2;8;2/4/2025 00:00;91720;4;48;12
9;4;3;2;1;2/4/2025 00:00;91721;5;70;14
9;4;3;2;1;2/4/2025 00:00;91722;5;70;14
9;4;3;2;1;2/4/2025 00:00;91723;5;70;14
9;4;3;2;1;2/4/2025 00:00;91724;5;70;14
9;4;3;2;1;2/4/2025 00:00;91725;5;70;14
9;4;3;2;1;2/4/2025 00:00;91726;5;70;14
9;4;3;2;1;2/4/2025 00:00;91727;5;70;14
9;4;3;2;1;2/4/2025 00:00;91728;5;70;14
9;4;3;2;1;2/4/2025 00:00;91729;5;70;14
9;4;3;2;1;2/4/2025 00:00;91730;5;70;14
9;4;3;2;2;2/4/2025 00:00;91731;5;67.5;13.5
9;4;3;2;2;2/4/2025 00:00;91732;5;67.5;13.5
9;4;3;2;2;2/4/2025 00:00;91733;5;67.5;13.5
9;4;3;2;2;2/4/2025 00:00;91734;5;67.5;13.5
9;4;3;2;2;2/4/2025 00:00;91735;5;67.5;13.5
9;4;3;2;2;2/4/2025 00:00;91736;5;67.5;13.5
9;4;3;2;2;2/4/2025 00:00;91737;5;67.5;13.5
9;4;3;2;2;2/4/2025 00:00;91738;5;67.5;13.5
9;4;3;2;2;2/4/2025 00:00;91739;5;67.5;13.5
9;4;3;2;2;2/4/2025 00:00;91740;5;67.5;13.5
9;4;3;2;3;2/4/2025 00:00;91741;4;66;16.5
9;4;3;2;3;2/4/2025 00:00;91742;4;66;16.5
9;4;3;2;3;2/4/2025 00:00;91743;4;66;16.5
9;4;3;2;3;2/4/2025 00:00;91744;4;66;16.5
9;4;3;2;3;2/4/2025 00:00;91745;4;66;16.5
9;4;3;2;3;2/4/2025 00:00;91746;4;66;16.5
9;4;3;2;3;2/4/2025 00:00;91747;4;66;16.5
9;4;3;2;3;2/4/2025 00:00;91748;4;66;16.5
9;4;3;2;3;2/4/2025 00:00;91749;4;66;16.5
9;4;3;2;3;2/4/2025 00:00;91750;4;66;16.5
9;4;3;2;4;2/4/2025 00:00;91751;3;49.8;16.6
9;4;3;2;4;2/4/2025 00:00;91752;3;49.8;16.6
9;4;3;2;4;2/4/2025 00:00;91753;3;49.8;16.6
9;4;3;2;4;2/4/2025 00:00;91754;3;49.8;16.6
;;;;;;;;;
